﻿<?xml version="1.0" encoding="UTF-8" ?>
<extension type="package" version="3.3">
<name>Spanish Language Pack</name>
<packagename>es-ES</packagename>
<version>3.3.1.3</version>
<creationDate>22 de junio del 2014</creationDate>
<author>Spanish Translation Team: comunidadjoomla.org</author>
<authorEmail>info@comunidadjoomla.org</authorEmail>
<authorUrl>www.comunidadjoomla.org</authorUrl>
<copyright>Copyright (C) 2005 - 2014 comunidadjoomla.org and Open Source Matters. All rights reserved.</copyright>
<license>GNU General Public License version 2 or later; see LICENSE.txt</license>
<url></url>
<packager>Spanish Translation Team</packager>
<packagerurl>www.comunidadjoomla.org</packagerurl>
<description><![CDATA[
		<div style="text-align:left;">
		<h2>Successfully installed the spanish language pack for Joomla! 3.3.1.</h2>
		<p></p>
		<p>Please report any bugs or issues at the Comunidad Joomla! <a href="http://foro.comunidadjoomla.org/traduccion-ext/" target="_blank">Translation forum</a></p>
		<p></p>
		<p>Translated by: <a href="http://www.comunidadjoomla.org" target="_blank" title="">The spanish translation team of Comunidad Joomla!</a></p>
		<h2>El paquete en español para Joomla! 3.3.1 se ha instalado correctamente.</h2>
		<p></p>
		<p>Por favor, reporte cualquier bug o asunto relacionado a nuestro <a href="http://foro.comunidadjoomla.org/traduccion-ext/" target="_blank">Foro de traducciones</a></p>
		<p></p>
		<p>Traducción: <a href="http://www.comunidadjoomla.org" target="_blank" title="">El equipo de traducción de Comunidad Joomla!</a></p>
		</div>
		]]></description>
<files>
        <file type="language" client="site" id="es-ES">site_es-ES.zip</file>
        <file type="language" client="administrator" id="es-ES">admin_es-ES.zip</file>
</files>

<updateservers>
	<server type="collection" priority="1" name="Accredited Joomla! Translations">http://update.joomla.org/language/translationlist_3.xml</server>
</updateservers>
</extension>
